Epoch, l_theta, l_f, l_top, l_bottom, weight_theta, weight_f, weight_flux, weight_psi
13850, 2.604270192244496e-05, 0.0038793752552700594, 0.001827360455245075, 0.0002516157250551455, 500.0, 1.0, 1.0, 1.0
