Epoch, l_theta, l_f, l_top, l_bottom, weight_f, weight_flux
0, 0.09493142307191184, 5.285269376951205e-06, 0.00014408970895559998, 1.0224908194965463, 100.0, 1e-05
