Epoch, l_theta, l_f, l_top, l_bottom
0, 0.0033327002462705635, 2.5253397795076115e-05, 0.00014502575743556925, 1.0229857708685777
