Epoch, l_theta, l_f, l_top, l_bottom
0, 0.020177741298773044, 2.873862744701662e-07, 0.00014440172397715275, 1.0226275486498657
