Epoch, l_theta, l_f, l_top, l_bottom
0, 0.09512638681534266, 5.163544909504286e-06, 0.00014409597958282976, 1.022606252195402
