Epoch, l_theta, l_f, l_top, l_bottom, weight_theta, weight_f, weight_flux, weight_psi
0, 0.09786781371915741, 0.312288290451883, 3619.2014041209427, 1.0228767811183463, 500.0, 1.0, 1.0, 1.0
