Epoch, l_theta, l_f, l_top, l_bottom, weight_theta, weight_f, weight_flux, weight_psi
11050, 0.0007767016210822638, 0.0004539365985577296, 0.0007802268272647373, 2.3152268352378955e-05, 500.0, 1.0, 1.0, 1.0
