Epoch, l_theta, l_f, l_top, l_bottom
0, 2.892314406076762e-05, 1.1392593391816318e-09, 169.49588346903522, 6.247643728189776e-06
