Epoch, l_theta, l_f, l_top, l_bottom
0, 0.0035625821468353333, 4.056208448343921e-06, 0.014472141672610676, 1.0156481398455495
