Epoch, l_theta, l_f, l_top, l_bottom, weight_theta, weight_f, weight_flux, weight_psi
23000, 7.064816164262336e-06, 2.4393337551018657e-06, 0.0003863866808424713, 2.1798829296095167e-05, 500.0, 1000.0, 1.0, 1.0
