Epoch, l_theta, l_f, l_top, l_bottom, weight_theta, weight_f, weight_flux, weight_psi
23000, 7.063497771272042e-06, 2.4398902665564826e-06, 0.0003864690162760625, 2.1799055355506406e-05, 500.0, 1000.0, 1.0, 1.0
