Epoch, l_theta, l_f, l_top, l_bottom
0, 1.0189914891246345e-05, 1.5246776118933396e-07, 1.2792887736821913e-05, 2.0785818051082066e-06
