Epoch, l_theta, l_f, l_top, l_bottom, weight_theta, weight_f, weight_flux, weight_psi
7750, 3.067701020991717e-06, 0.0014643363032194642, 0.00045839106387216537, 1.4576878645975995e-05, 500.0, 1.0, 1.0, 1.0
