Epoch, l_theta, l_f, l_top, l_bottom, weight_theta, weight_f, weight_flux, weight_psi
29600, 1.8935270795493514e-07, 0.00031545093032645877, 2.705148210035242e-05, 1.955414952361899e-06, 2000.0, 0.001, 1.0, 1.0
