Epoch, l_theta, l_f, l_top, l_bottom, weight_theta, weight_f, weight_flux, weight_psi
0, 0.010539990525808179, 4.41035903088955e-08, 14.645259210842829, 13.672810143328839, 1000.0, 100.0, 1.0, 1.0
