Epoch, l_theta, l_f, l_top, l_bottom, weight_theta, weight_f, weight_flux, weight_psi
0, 0.10774881457534054, 1.2359141650411501e-05, 14.419129100083433, 10.228767811183463, 1.0, 1000.0, 1.0, 10.0
